ID,CREATEDAT,UPDATEDAT,ARCHIVED,CREATEDATE,DOMAIN,HS_LASTMODIFIEDDATE,HS_OBJECT_ID,NAME
21837068313,,,False,,,,21837068313,
21837089138,,,False,,,,21837089138,
21837126492,,,False,,,,21837126492,
21837177966,,,False,,,,21837177966,
21837878870,,,False,,,,21837878870,
21837884317,,,False,,,,21837884317,
21837894581,,,False,,,,21837894581,
21837940502,,,False,,,,21837940502,
21837951274,,,False,,,,21837951274,
21837971862,,,False,,,,21837971862,
21837975910,,,False,,,,21837975910,
21837984293,,,False,,,,21837984293,
21838013355,,,False,,,,21838013355,
21838058874,,,False,,,,21838058874,
21838078742,,,False,,,,21838078742,
21838086563,,,False,,,,21838086563,
21838086564,,,False,,,,21838086564,
21838097944,,,False,,,,21838097944,
21838121323,,,False,,,,21838121323,
21838125471,,,False,,,,21838125471,
