ID,CREATEDAT,UPDATEDAT,ARCHIVED,CREATEDATE,EMAIL,FIRSTNAME,HS_OBJECT_ID,LASTMODIFIEDDATE,LASTNAME
37915574446,,2024-07-10 19:34:59.422,False,,,Edward,37915574446,2024-07-10 19:34:59.422,Perez
37933071360,,2024-07-10 19:34:59.564,False,,,John,37933071360,2024-07-10 19:34:59.564,Smith
37933731597,,2024-07-10 19:34:59.520,False,,,Wayne,37933731597,2024-07-10 19:34:59.520,Peterson
37933776138,,2024-07-10 19:34:59.523,False,,,Maria,37933776138,2024-07-10 19:34:59.523,Reed
37933776151,,2024-07-10 19:34:59.426,False,,,Christopher,37933776151,2024-07-10 19:34:59.426,Allen
37934397307,,2024-07-10 19:34:59.522,False,,,Nancy,37934397307,2024-07-10 19:34:59.522,Hall
37934397309,,2024-07-10 19:34:59.438,False,,,Arthur,37934397309,2024-07-10 19:34:59.438,Ramirez
37934870383,,2024-07-10 19:34:59.498,False,,,Ann,37934870383,2024-07-10 19:34:59.498,Russell
37934889080,,2024-07-10 19:34:59.534,False,,,Lisa,37934889080,2024-07-10 19:34:59.534,Scott
37935139853,,2024-07-10 19:34:59.441,False,,,George,37935139853,2024-07-10 19:34:59.441,Green
37935157125,,2024-07-10 19:34:59.434,False,,,Carl,37935157125,2024-07-10 19:34:59.434,Long
37935185070,,2024-07-10 19:34:59.510,False,,,Gerald,37935185070,2024-07-10 19:34:59.510,Kelly
37935185157,,2024-07-10 19:34:59.399,False,,,Elizabeth,37935185157,2024-07-10 19:34:59.399,Clark
37935200375,,2024-07-10 19:34:59.447,False,,,Karen,37935200375,2024-07-10 19:34:59.447,King
37935200376,,2024-07-10 19:34:59.437,False,,,Sharon,37935200376,2024-07-10 19:34:59.437,Phillips
37935225456,,2024-07-10 19:34:59.529,False,,,Sarah,37935225456,2024-07-10 19:34:59.529,Wilson
37935225458,,2024-07-10 19:34:59.514,False,,,Theresa,37935225458,2024-07-10 19:34:59.514,Patterson
37935225460,,2024-07-10 19:34:59.433,False,,,Roger,37935225460,2024-07-10 19:34:59.433,Hughes
37935225478,,2024-07-10 19:34:59.398,False,,,Evelyn,37935225478,2024-07-10 19:34:59.398,Sullivan
37935253617,,2024-07-10 19:34:59.507,False,,,Scott,37935253617,2024-07-10 19:34:59.507,Sanchez
37915574446,,2024-07-10 19:34:59.422,False,,,Edward,37915574446,2024-07-10 19:34:59.422,Perez
37933071360,,2024-07-10 19:34:59.564,False,,,John,37933071360,2024-07-10 19:34:59.564,Smith
37933731597,,2024-07-10 19:34:59.520,False,,,Wayne,37933731597,2024-07-10 19:34:59.520,Peterson
37933776138,,2024-07-10 19:34:59.523,False,,,Maria,37933776138,2024-07-10 19:34:59.523,Reed
37933776151,,2024-07-10 19:34:59.426,False,,,Christopher,37933776151,2024-07-10 19:34:59.426,Allen
37934397307,,2024-07-10 19:34:59.522,False,,,Nancy,37934397307,2024-07-10 19:34:59.522,Hall
37934397309,,2024-07-10 19:34:59.438,False,,,Arthur,37934397309,2024-07-10 19:34:59.438,Ramirez
37934870383,,2024-07-10 19:34:59.498,False,,,Ann,37934870383,2024-07-10 19:34:59.498,Russell
37934889080,,2024-07-10 19:34:59.534,False,,,Lisa,37934889080,2024-07-10 19:34:59.534,Scott
37935139853,,2024-07-10 19:34:59.441,False,,,George,37935139853,2024-07-10 19:34:59.441,Green
37935157125,,2024-07-10 19:34:59.434,False,,,Carl,37935157125,2024-07-10 19:34:59.434,Long
37935185070,,2024-07-10 19:34:59.510,False,,,Gerald,37935185070,2024-07-10 19:34:59.510,Kelly
37935185157,,2024-07-10 19:34:59.399,False,,,Elizabeth,37935185157,2024-07-10 19:34:59.399,Clark
37935200375,,2024-07-10 19:34:59.447,False,,,Karen,37935200375,2024-07-10 19:34:59.447,King
37935200376,,2024-07-10 19:34:59.437,False,,,Sharon,37935200376,2024-07-10 19:34:59.437,Phillips
37935225456,,2024-07-10 19:34:59.529,False,,,Sarah,37935225456,2024-07-10 19:34:59.529,Wilson
37935225458,,2024-07-10 19:34:59.514,False,,,Theresa,37935225458,2024-07-10 19:34:59.514,Patterson
37935225460,,2024-07-10 19:34:59.433,False,,,Roger,37935225460,2024-07-10 19:34:59.433,Hughes
37935225478,,2024-07-10 19:34:59.398,False,,,Evelyn,37935225478,2024-07-10 19:34:59.398,Sullivan
37935253617,,2024-07-10 19:34:59.507,False,,,Scott,37935253617,2024-07-10 19:34:59.507,Sanchez
37915574446,,2024-07-10 19:34:59.422,False,,,Edward,37915574446,2024-07-10 19:34:59.422,Perez
37933071360,,2024-07-10 19:34:59.564,False,,,John,37933071360,2024-07-10 19:34:59.564,Smith
37933731597,,2024-07-10 19:34:59.520,False,,,Wayne,37933731597,2024-07-10 19:34:59.520,Peterson
37933776138,,2024-07-10 19:34:59.523,False,,,Maria,37933776138,2024-07-10 19:34:59.523,Reed
37933776151,,2024-07-10 19:34:59.426,False,,,Christopher,37933776151,2024-07-10 19:34:59.426,Allen
37934397307,,2024-07-10 19:34:59.522,False,,,Nancy,37934397307,2024-07-10 19:34:59.522,Hall
37934397309,,2024-07-10 19:34:59.438,False,,,Arthur,37934397309,2024-07-10 19:34:59.438,Ramirez
37934870383,,2024-07-10 19:34:59.498,False,,,Ann,37934870383,2024-07-10 19:34:59.498,Russell
37934889080,,2024-07-10 19:34:59.534,False,,,Lisa,37934889080,2024-07-10 19:34:59.534,Scott
37935139853,,2024-07-10 19:34:59.441,False,,,George,37935139853,2024-07-10 19:34:59.441,Green
37935157125,,2024-07-10 19:34:59.434,False,,,Carl,37935157125,2024-07-10 19:34:59.434,Long
37935185070,,2024-07-10 19:34:59.510,False,,,Gerald,37935185070,2024-07-10 19:34:59.510,Kelly
37935185157,,2024-07-10 19:34:59.399,False,,,Elizabeth,37935185157,2024-07-10 19:34:59.399,Clark
37935200375,,2024-07-10 19:34:59.447,False,,,Karen,37935200375,2024-07-10 19:34:59.447,King
37935200376,,2024-07-10 19:34:59.437,False,,,Sharon,37935200376,2024-07-10 19:34:59.437,Phillips
37935225456,,2024-07-10 19:34:59.529,False,,,Sarah,37935225456,2024-07-10 19:34:59.529,Wilson
37935225458,,2024-07-10 19:34:59.514,False,,,Theresa,37935225458,2024-07-10 19:34:59.514,Patterson
37935225460,,2024-07-10 19:34:59.433,False,,,Roger,37935225460,2024-07-10 19:34:59.433,Hughes
37935225478,,2024-07-10 19:34:59.398,False,,,Evelyn,37935225478,2024-07-10 19:34:59.398,Sullivan
37935253617,,2024-07-10 19:34:59.507,False,,,Scott,37935253617,2024-07-10 19:34:59.507,Sanchez
37915574446,,2024-07-10 19:34:59.422,False,,,Edward,37915574446,2024-07-10 19:34:59.422,Perez
37933071360,,2024-07-10 19:34:59.564,False,,,John,37933071360,2024-07-10 19:34:59.564,Smith
37933731597,,2024-07-10 19:34:59.520,False,,,Wayne,37933731597,2024-07-10 19:34:59.520,Peterson
37933776138,,2024-07-10 19:34:59.523,False,,,Maria,37933776138,2024-07-10 19:34:59.523,Reed
37933776151,,2024-07-10 19:34:59.426,False,,,Christopher,37933776151,2024-07-10 19:34:59.426,Allen
37934397307,,2024-07-10 19:34:59.522,False,,,Nancy,37934397307,2024-07-10 19:34:59.522,Hall
37934397309,,2024-07-10 19:34:59.438,False,,,Arthur,37934397309,2024-07-10 19:34:59.438,Ramirez
37934870383,,2024-07-10 19:34:59.498,False,,,Ann,37934870383,2024-07-10 19:34:59.498,Russell
37934889080,,2024-07-10 19:34:59.534,False,,,Lisa,37934889080,2024-07-10 19:34:59.534,Scott
37935139853,,2024-07-10 19:34:59.441,False,,,George,37935139853,2024-07-10 19:34:59.441,Green
37935157125,,2024-07-10 19:34:59.434,False,,,Carl,37935157125,2024-07-10 19:34:59.434,Long
37935185070,,2024-07-10 19:34:59.510,False,,,Gerald,37935185070,2024-07-10 19:34:59.510,Kelly
37935185157,,2024-07-10 19:34:59.399,False,,,Elizabeth,37935185157,2024-07-10 19:34:59.399,Clark
37935200375,,2024-07-10 19:34:59.447,False,,,Karen,37935200375,2024-07-10 19:34:59.447,King
37935200376,,2024-07-10 19:34:59.437,False,,,Sharon,37935200376,2024-07-10 19:34:59.437,Phillips
37935225456,,2024-07-10 19:34:59.529,False,,,Sarah,37935225456,2024-07-10 19:34:59.529,Wilson
37935225458,,2024-07-10 19:34:59.514,False,,,Theresa,37935225458,2024-07-10 19:34:59.514,Patterson
37935225460,,2024-07-10 19:34:59.433,False,,,Roger,37935225460,2024-07-10 19:34:59.433,Hughes
37935225478,,2024-07-10 19:34:59.398,False,,,Evelyn,37935225478,2024-07-10 19:34:59.398,Sullivan
37935253617,,2024-07-10 19:34:59.507,False,,,Scott,37935253617,2024-07-10 19:34:59.507,Sanchez
37915574446,,2024-07-10 19:34:59.422,False,,,Edward,37915574446,2024-07-10 19:34:59.422,Perez
37933071360,,2024-07-10 19:34:59.564,False,,,John,37933071360,2024-07-10 19:34:59.564,Smith
37933731597,,2024-07-10 19:34:59.520,False,,,Wayne,37933731597,2024-07-10 19:34:59.520,Peterson
37933776138,,2024-07-10 19:34:59.523,False,,,Maria,37933776138,2024-07-10 19:34:59.523,Reed
37933776151,,2024-07-10 19:34:59.426,False,,,Christopher,37933776151,2024-07-10 19:34:59.426,Allen
37934397307,,2024-07-10 19:34:59.522,False,,,Nancy,37934397307,2024-07-10 19:34:59.522,Hall
37934397309,,2024-07-10 19:34:59.438,False,,,Arthur,37934397309,2024-07-10 19:34:59.438,Ramirez
37934870383,,2024-07-10 19:34:59.498,False,,,Ann,37934870383,2024-07-10 19:34:59.498,Russell
37934889080,,2024-07-10 19:34:59.534,False,,,Lisa,37934889080,2024-07-10 19:34:59.534,Scott
37935139853,,2024-07-10 19:34:59.441,False,,,George,37935139853,2024-07-10 19:34:59.441,Green
37935157125,,2024-07-10 19:34:59.434,False,,,Carl,37935157125,2024-07-10 19:34:59.434,Long
37935185070,,2024-07-10 19:34:59.510,False,,,Gerald,37935185070,2024-07-10 19:34:59.510,Kelly
37935185157,,2024-07-10 19:34:59.399,False,,,Elizabeth,37935185157,2024-07-10 19:34:59.399,Clark
37935200375,,2024-07-10 19:34:59.447,False,,,Karen,37935200375,2024-07-10 19:34:59.447,King
37935200376,,2024-07-10 19:34:59.437,False,,,Sharon,37935200376,2024-07-10 19:34:59.437,Phillips
37935225456,,2024-07-10 19:34:59.529,False,,,Sarah,37935225456,2024-07-10 19:34:59.529,Wilson
37935225458,,2024-07-10 19:34:59.514,False,,,Theresa,37935225458,2024-07-10 19:34:59.514,Patterson
37935225460,,2024-07-10 19:34:59.433,False,,,Roger,37935225460,2024-07-10 19:34:59.433,Hughes
37935225478,,2024-07-10 19:34:59.398,False,,,Evelyn,37935225478,2024-07-10 19:34:59.398,Sullivan
37935253617,,2024-07-10 19:34:59.507,False,,,Scott,37935253617,2024-07-10 19:34:59.507,Sanchez
37915574446,,2024-07-10 19:34:59.422,False,,,Edward,37915574446,2024-07-10 19:34:59.422,Perez
37933071360,,2024-07-10 19:34:59.564,False,,,John,37933071360,2024-07-10 19:34:59.564,Smith
37933731597,,2024-07-10 19:34:59.520,False,,,Wayne,37933731597,2024-07-10 19:34:59.520,Peterson
37933776138,,2024-07-10 19:34:59.523,False,,,Maria,37933776138,2024-07-10 19:34:59.523,Reed
37933776151,,2024-07-10 19:34:59.426,False,,,Christopher,37933776151,2024-07-10 19:34:59.426,Allen
37934397307,,2024-07-10 19:34:59.522,False,,,Nancy,37934397307,2024-07-10 19:34:59.522,Hall
37934397309,,2024-07-10 19:34:59.438,False,,,Arthur,37934397309,2024-07-10 19:34:59.438,Ramirez
37934870383,,2024-07-10 19:34:59.498,False,,,Ann,37934870383,2024-07-10 19:34:59.498,Russell
37934889080,,2024-07-10 19:34:59.534,False,,,Lisa,37934889080,2024-07-10 19:34:59.534,Scott
37935139853,,2024-07-10 19:34:59.441,False,,,George,37935139853,2024-07-10 19:34:59.441,Green
37935157125,,2024-07-10 19:34:59.434,False,,,Carl,37935157125,2024-07-10 19:34:59.434,Long
37935185070,,2024-07-10 19:34:59.510,False,,,Gerald,37935185070,2024-07-10 19:34:59.510,Kelly
37935185157,,2024-07-10 19:34:59.399,False,,,Elizabeth,37935185157,2024-07-10 19:34:59.399,Clark
37935200375,,2024-07-10 19:34:59.447,False,,,Karen,37935200375,2024-07-10 19:34:59.447,King
37935200376,,2024-07-10 19:34:59.437,False,,,Sharon,37935200376,2024-07-10 19:34:59.437,Phillips
37935225456,,2024-07-10 19:34:59.529,False,,,Sarah,37935225456,2024-07-10 19:34:59.529,Wilson
37935225458,,2024-07-10 19:34:59.514,False,,,Theresa,37935225458,2024-07-10 19:34:59.514,Patterson
37935225460,,2024-07-10 19:34:59.433,False,,,Roger,37935225460,2024-07-10 19:34:59.433,Hughes
37935225478,,2024-07-10 19:34:59.398,False,,,Evelyn,37935225478,2024-07-10 19:34:59.398,Sullivan
37935253617,,2024-07-10 19:34:59.507,False,,,Scott,37935253617,2024-07-10 19:34:59.507,Sanchez
37915574446,,2024-07-10 19:34:59.422,False,,,Edward,37915574446,2024-07-10 19:34:59.422,Perez
37933071360,,2024-07-10 19:34:59.564,False,,,John,37933071360,2024-07-10 19:34:59.564,Smith
37933731597,,2024-07-10 19:34:59.520,False,,,Wayne,37933731597,2024-07-10 19:34:59.520,Peterson
37933776138,,2024-07-10 19:34:59.523,False,,,Maria,37933776138,2024-07-10 19:34:59.523,Reed
37933776151,,2024-07-10 19:34:59.426,False,,,Christopher,37933776151,2024-07-10 19:34:59.426,Allen
37934397307,,2024-07-10 19:34:59.522,False,,,Nancy,37934397307,2024-07-10 19:34:59.522,Hall
37934397309,,2024-07-10 19:34:59.438,False,,,Arthur,37934397309,2024-07-10 19:34:59.438,Ramirez
37934870383,,2024-07-10 19:34:59.498,False,,,Ann,37934870383,2024-07-10 19:34:59.498,Russell
37934889080,,2024-07-10 19:34:59.534,False,,,Lisa,37934889080,2024-07-10 19:34:59.534,Scott
37935139853,,2024-07-10 19:34:59.441,False,,,George,37935139853,2024-07-10 19:34:59.441,Green
37935157125,,2024-07-10 19:34:59.434,False,,,Carl,37935157125,2024-07-10 19:34:59.434,Long
37935185070,,2024-07-10 19:34:59.510,False,,,Gerald,37935185070,2024-07-10 19:34:59.510,Kelly
37935185157,,2024-07-10 19:34:59.399,False,,,Elizabeth,37935185157,2024-07-10 19:34:59.399,Clark
37935200375,,2024-07-10 19:34:59.447,False,,,Karen,37935200375,2024-07-10 19:34:59.447,King
37935200376,,2024-07-10 19:34:59.437,False,,,Sharon,37935200376,2024-07-10 19:34:59.437,Phillips
37935225456,,2024-07-10 19:34:59.529,False,,,Sarah,37935225456,2024-07-10 19:34:59.529,Wilson
37935225458,,2024-07-10 19:34:59.514,False,,,Theresa,37935225458,2024-07-10 19:34:59.514,Patterson
37935225460,,2024-07-10 19:34:59.433,False,,,Roger,37935225460,2024-07-10 19:34:59.433,Hughes
37935225478,,2024-07-10 19:34:59.398,False,,,Evelyn,37935225478,2024-07-10 19:34:59.398,Sullivan
37935253617,,2024-07-10 19:34:59.507,False,,,Scott,37935253617,2024-07-10 19:34:59.507,Sanchez
37915574446,,2024-07-10 19:34:59.422,False,,,Edward,37915574446,2024-07-10 19:34:59.422,Perez
37933071360,,2024-07-10 19:34:59.564,False,,,John,37933071360,2024-07-10 19:34:59.564,Smith
37933731597,,2024-07-10 19:34:59.520,False,,,Wayne,37933731597,2024-07-10 19:34:59.520,Peterson
37933776138,,2024-07-10 19:34:59.523,False,,,Maria,37933776138,2024-07-10 19:34:59.523,Reed
37933776151,,2024-07-10 19:34:59.426,False,,,Christopher,37933776151,2024-07-10 19:34:59.426,Allen
37934397307,,2024-07-10 19:34:59.522,False,,,Nancy,37934397307,2024-07-10 19:34:59.522,Hall
37934397309,,2024-07-10 19:34:59.438,False,,,Arthur,37934397309,2024-07-10 19:34:59.438,Ramirez
37934870383,,2024-07-10 19:34:59.498,False,,,Ann,37934870383,2024-07-10 19:34:59.498,Russell
37934889080,,2024-07-10 19:34:59.534,False,,,Lisa,37934889080,2024-07-10 19:34:59.534,Scott
37935139853,,2024-07-10 19:34:59.441,False,,,George,37935139853,2024-07-10 19:34:59.441,Green
37935157125,,2024-07-10 19:34:59.434,False,,,Carl,37935157125,2024-07-10 19:34:59.434,Long
37935185070,,2024-07-10 19:34:59.510,False,,,Gerald,37935185070,2024-07-10 19:34:59.510,Kelly
37935185157,,2024-07-10 19:34:59.399,False,,,Elizabeth,37935185157,2024-07-10 19:34:59.399,Clark
37935200375,,2024-07-10 19:34:59.447,False,,,Karen,37935200375,2024-07-10 19:34:59.447,King
37935200376,,2024-07-10 19:34:59.437,False,,,Sharon,37935200376,2024-07-10 19:34:59.437,Phillips
37935225456,,2024-07-10 19:34:59.529,False,,,Sarah,37935225456,2024-07-10 19:34:59.529,Wilson
37935225458,,2024-07-10 19:34:59.514,False,,,Theresa,37935225458,2024-07-10 19:34:59.514,Patterson
37935225460,,2024-07-10 19:34:59.433,False,,,Roger,37935225460,2024-07-10 19:34:59.433,Hughes
37935225478,,2024-07-10 19:34:59.398,False,,,Evelyn,37935225478,2024-07-10 19:34:59.398,Sullivan
37935253617,,2024-07-10 19:34:59.507,False,,,Scott,37935253617,2024-07-10 19:34:59.507,Sanchez
37915574446,,2024-07-10 19:34:59.422,False,,,Edward,37915574446,2024-07-10 19:34:59.422,Perez
37933071360,,2024-07-10 19:34:59.564,False,,,John,37933071360,2024-07-10 19:34:59.564,Smith
37933731597,,2024-07-10 19:34:59.520,False,,,Wayne,37933731597,2024-07-10 19:34:59.520,Peterson
37933776138,,2024-07-10 19:34:59.523,False,,,Maria,37933776138,2024-07-10 19:34:59.523,Reed
37933776151,,2024-07-10 19:34:59.426,False,,,Christopher,37933776151,2024-07-10 19:34:59.426,Allen
37934397307,,2024-07-10 19:34:59.522,False,,,Nancy,37934397307,2024-07-10 19:34:59.522,Hall
37934397309,,2024-07-10 19:34:59.438,False,,,Arthur,37934397309,2024-07-10 19:34:59.438,Ramirez
37934870383,,2024-07-10 19:34:59.498,False,,,Ann,37934870383,2024-07-10 19:34:59.498,Russell
37934889080,,2024-07-10 19:34:59.534,False,,,Lisa,37934889080,2024-07-10 19:34:59.534,Scott
37935139853,,2024-07-10 19:34:59.441,False,,,George,37935139853,2024-07-10 19:34:59.441,Green
37935157125,,2024-07-10 19:34:59.434,False,,,Carl,37935157125,2024-07-10 19:34:59.434,Long
37935185070,,2024-07-10 19:34:59.510,False,,,Gerald,37935185070,2024-07-10 19:34:59.510,Kelly
37935185157,,2024-07-10 19:34:59.399,False,,,Elizabeth,37935185157,2024-07-10 19:34:59.399,Clark
37935200375,,2024-07-10 19:34:59.447,False,,,Karen,37935200375,2024-07-10 19:34:59.447,King
37935200376,,2024-07-10 19:34:59.437,False,,,Sharon,37935200376,2024-07-10 19:34:59.437,Phillips
37935225456,,2024-07-10 19:34:59.529,False,,,Sarah,37935225456,2024-07-10 19:34:59.529,Wilson
37935225458,,2024-07-10 19:34:59.514,False,,,Theresa,37935225458,2024-07-10 19:34:59.514,Patterson
37935225460,,2024-07-10 19:34:59.433,False,,,Roger,37935225460,2024-07-10 19:34:59.433,Hughes
37935225478,,2024-07-10 19:34:59.398,False,,,Evelyn,37935225478,2024-07-10 19:34:59.398,Sullivan
37935253617,,2024-07-10 19:34:59.507,False,,,Scott,37935253617,2024-07-10 19:34:59.507,Sanchez
37915574446,,2024-07-10 19:34:59.422,False,,,Edward,37915574446,2024-07-10 19:34:59.422,Perez
37933071360,,2024-07-10 19:34:59.564,False,,,John,37933071360,2024-07-10 19:34:59.564,Smith
37933731597,,2024-07-10 19:34:59.520,False,,,Wayne,37933731597,2024-07-10 19:34:59.520,Peterson
37933776138,,2024-07-10 19:34:59.523,False,,,Maria,37933776138,2024-07-10 19:34:59.523,Reed
37933776151,,2024-07-10 19:34:59.426,False,,,Christopher,37933776151,2024-07-10 19:34:59.426,Allen
37934397307,,2024-07-10 19:34:59.522,False,,,Nancy,37934397307,2024-07-10 19:34:59.522,Hall
37934397309,,2024-07-10 19:34:59.438,False,,,Arthur,37934397309,2024-07-10 19:34:59.438,Ramirez
37934870383,,2024-07-10 19:34:59.498,False,,,Ann,37934870383,2024-07-10 19:34:59.498,Russell
37934889080,,2024-07-10 19:34:59.534,False,,,Lisa,37934889080,2024-07-10 19:34:59.534,Scott
37935139853,,2024-07-10 19:34:59.441,False,,,George,37935139853,2024-07-10 19:34:59.441,Green
37935157125,,2024-07-10 19:34:59.434,False,,,Carl,37935157125,2024-07-10 19:34:59.434,Long
37935185070,,2024-07-10 19:34:59.510,False,,,Gerald,37935185070,2024-07-10 19:34:59.510,Kelly
37935185157,,2024-07-10 19:34:59.399,False,,,Elizabeth,37935185157,2024-07-10 19:34:59.399,Clark
37935200375,,2024-07-10 19:34:59.447,False,,,Karen,37935200375,2024-07-10 19:34:59.447,King
37935200376,,2024-07-10 19:34:59.437,False,,,Sharon,37935200376,2024-07-10 19:34:59.437,Phillips
37935225456,,2024-07-10 19:34:59.529,False,,,Sarah,37935225456,2024-07-10 19:34:59.529,Wilson
37935225458,,2024-07-10 19:34:59.514,False,,,Theresa,37935225458,2024-07-10 19:34:59.514,Patterson
37935225460,,2024-07-10 19:34:59.433,False,,,Roger,37935225460,2024-07-10 19:34:59.433,Hughes
37935225478,,2024-07-10 19:34:59.398,False,,,Evelyn,37935225478,2024-07-10 19:34:59.398,Sullivan
37935253617,,2024-07-10 19:34:59.507,False,,,Scott,37935253617,2024-07-10 19:34:59.507,Sanchez
